run_date,asset,strategy,cost_bps,n_folds,annualized_return,annualized_volatility,sharpe_ratio,sortino_ratio,max_drawdown,win_rate,profit_factor,turnover,total_transaction_costs,transaction_cost_pct_of_capital
2026-09-14,SPY,buy_and_hold,5,24,0.12388950612256618,0.16676687705696344,1.0236498740504891,1.42539540480497,-0.14013995703283189,0.5533203924224218,1.2079166036810496,0.004064911508902519,50.0,0.0005000000000000002
2026-09-14,SPY,buy_and_hold,10,24,0.12337774480136628,0.16685932775221654,1.0200489232212249,1.420271862559561,-0.140251960209925,0.5533203924224218,1.2071588346094027,0.004064911508902519,100.0,0.0010000000000000005
2026-09-14,SPY,buy_and_hold,20,24,0.12235424219447337,0.1670499068287247,1.0127948593840228,1.4096795326621805,-0.14047610538166008,0.5529115338855333,1.2056312970284762,0.004064911508902519,200.0,0.002000000000000001
2026-09-14,SPY,momentum_60_day,5,24,0.061091076073171914,0.088036386513674,0.5857650244467786,0.7118816900940536,-0.07376268483931152,0.5510611317085884,1.1730493002129494,0.010056321974644575,122.56311906371859,0.001225631190637186
2026-09-14,SPY,momentum_60_day,10,24,0.059849649972592144,0.08807205286042347,0.5696504587850959,0.698366275303472,-0.07430285755833307,0.5503198095386949,1.1679994270527532,0.010056321974644575,245.02091123462375,0.002450209112346238
2026-09-14,SPY,momentum_60_day,20,24,0.05737000618923054,0.08816726015145436,0.5373895137399168,0.6706325107924593,-0.07538280209306719,0.5475105602529056,1.1580824452121135,0.010056321974644575,489.6207099826798,0.004896207099826798
2026-09-14,SPY,ma_crossover_20_100,5,24,0.05441349999458566,0.08544025790409049,0.6203919236626546,0.7025458535837451,-0.07615085378550135,0.5483336404970048,1.1823892104108775,0.009220980609182727,112.79134911784547,0.0011279134911784548
2026-09-14,SPY,ma_crossover_20_100,10,24,0.0532694111238401,0.08547040629430525,0.6054767200849186,0.6906541854707905,-0.07659449917013558,0.547061082875496,1.1778013281472646,0.009220980609182727,225.50579613170927,0.0022550579613170928
2026-09-15,SPY,ma_crossover_20_100,20,24,0.050701391874374176,0.08554955215756667,0.572323451054937,0.6629041935864753,-0.07753966844244696,0.5433958305019664,1.1677251236315618,0.009219596426514909,450.7040931763054,0.004507040931763055
2026-09-15,SPY,mean_reversion_z,5,24,0.03557816239129263,0.10350505229397476,0.7249904468184544,0.5932156612688985,-0.08374366470933607,0.5419945768100632,1.4755983047878212,0.04567505574889417,571.0362872759966,0.005710362872759965
2026-09-15,SPY,mean_reversion_z,10,24,0.02962395610856032,0.10363454123280998,0.6461794275560763,0.5270467048618471,-0.0845533869976245,0.5333918287425979,1.405754361472372,0.04567505574889417,1139.2275526979654,0.011392275526979653
2026-09-15,SPY,mean_reversion_z,20,24,0.017807914681514696,0.10400551301973576,0.48633144994782024,0.3893407766501369,-0.08645361362734423,0.5143936799046723,1.2881788808947385,0.04567505574889417,2267.124730176709,0.022671247301767086
2026-09-15,SPY,rsi_14,5,24,0.07590242014295276,0.10007983441740588,1.009282223403802,0.7326268141266056,-0.07060187654782943,0.5978730032150738,1.783785739860254,0.022258655996186136,288.1930434324613,0.0028819304343246136
2026-09-15,SPY,rsi_14,10,24,0.07289575915038171,0.10011463081271482,0.9747562339837631,0.7105709391905641,-0.07091513945449858,0.5923571845425972,1.7448418259514316,0.022258655996186136,575.6966734964423,0.005756966734964424
2026-09-15,SPY,rsi_14,20,24,0.0669036099999831,0.10023647028888664,0.9045622826092149,0.6664094780571811,-0.07157290873579204,0.5789192034554839,1.6679224080630008,0.022258655996186136,1148.6413041216802,0.011486413041216802
2026-09-15,SPY,vol_target_10pct,5,24,0.07652748255848295,0.09678183655586574,0.8367331998984019,1.098274205963961,-0.07904377780124339,0.5519817359051258,1.1764027852423944,0.01915706355123822,242.0242097675067,0.0024202420976750672
2026-09-15,SPY,vol_target_10pct,10,24,0.07393661777888158,0.0967928249080145,0.8118941064936928,1.0663294133808592,-0.07959977054746965,0.5507167433128097,1.1712883908077665,0.01915706355123822,483.50100716098973,0.004835010071609898
2026-09-15,SPY,vol_target_10pct,20,24,0.06877276836032997,0.0968214077855485,0.7621572179128756,1.0014043720986658,-0.08071306279087469,0.5490870586123991,1.1610806610578521,0.01915706355123822,964.8188424006731,0.00964818842400673
2026-09-15,SPY,ai_parameter_selector,5,24,0.05530072195098581,0.08832644545660862,0.5920780242582697,0.7052240583381167,-0.08086491262566706,0.547350002391774,1.1890754943286779,0.01220303292340362,150.1091600416432,0.0015010916004164323
2026-09-15,SPY,ai_parameter_selector,10,24,0.05378632642580546,0.08841725828803343,0.5750425904763916,0.6907366583313549,-0.08149636219275254,0.5461845574329262,1.1836174862156408,0.01220303292340362,299.98177675814213,0.0029998177675814217
2026-09-15,SPY,ai_parameter_selector,20,24,0.05076460121869638,0.08862404572824241,0.5410307613635319,0.6606684611434085,-0.08278720947609501,0.5424771203212414,1.1729573132593345,0.01220303292340362,599.0191738095992,0.005990191738095994
2026-09-15,QQQ,buy_and_hold,5,24,0.1809547725035173,0.2027254393785198,1.0156872197290803,1.4228759394054675,-0.16372598551561332,0.5546001034388436,1.2057216659453724,0.004063527326234701,50.0,0.0005000000000000002
2026-09-15,QQQ,buy_and_hold,10,24,0.18044284354132503,0.20283369334878368,1.0128963242699778,1.4189291995529139,-0.16385141433908412,0.5544327674281342,1.2051353368533062,0.004063527326234701,100.0,0.0010000000000000007
2026-09-15,QQQ,buy_and_hold,20,24,0.17941900489163684,0.2030546766965269,1.0072913321596422,1.4109793614083446,-0.16410244466273652,0.5544327674281342,1.2039632830479061,0.004063527326234701,200.0,0.0020000000000000013
2026-09-15,QQQ,momentum_60_day,5,24,0.08990181390714395,0.11667475999973724,0.5820870141061435,0.7162233126597383,-0.09360565957903315,0.5459716507544579,1.146237791183242,0.011285758588557777,136.9744007588683,0.0013697440075886834
2026-09-15,QQQ,momentum_60_day,10,24,0.08849057466877164,0.1167219768508153,0.568523611954759,0.7040425961843022,-0.09405918814563619,0.5451464515604771,1.1426897626947512,0.011285758588557777,273.8203243986508,0.002738203243986509
2026-09-15,QQQ,momentum_60_day,20,24,0.08567205373126108,0.11683650079990444,0.5414508495419691,0.6794962047008366,-0.09499526282458715,0.544502270900373,1.13558630302392,0.011285758588557777,547.127068453292,0.00547127068453292
2026-09-15,QQQ,ma_crossover_20_100,5,24,0.08608715089321821,0.11454940922912706,0.6899004250117212,0.7869900141087814,-0.09596275550985621,0.5538347388472972,1.1831625564180561,0.008385614955827252,102.92554018671463,0.0010292554018671465
2026-09-16,QQQ,ma_crossover_20_100,10,24,0.08467477904950245,0.11458397074185249,0.677033536237733,0.7755449758756825,-0.09623037037760764,0.5511768867679389,1.179300306326821,0.008384246592389923,205.79053330581533,0.002057905333058154
2026-09-16,QQQ,ma_crossover_20_100,20,24,0.08258285640507423,0.11469011306687782,0.6562134486462581,0.7576223938333649,-0.09677722123304945,0.5499559904373962,1.1727688963667042,0.008384246592389923,411.3388685972391,0.004113388685972393
2026-09-16,QQQ,mean_reversion_z,5,24,0.0438397984071058,0.1206678557348954,0.6801190167261694,0.49175318186795636,-0.09278091606151444,0.549675712709571,1.5110383004302335,0.04363076437794433,556.8111190060149,0.00556811119006015
2026-09-16,QQQ,mean_reversion_z,10,24,0.03812076268950564,0.12076859824562658,0.6220390352381743,0.45277360630645513,-0.09358414014322823,0.5444897153086613,1.4647913766935974,0.04363076437794433,1110.8093900726988,0.01110809390072699
2026-09-16,QQQ,mean_reversion_z,20,24,0.026769505272290304,0.12105310131459225,0.5048849064358344,0.3735474034940274,-0.09543767125534537,0.5330357818404409,1.3793712797327513,0.04363076437794433,2210.4199777183417,0.022104199777183416
2026-09-16,QQQ,rsi_14,5,24,0.07356162210798527,0.11271717688978061,0.8508737951072826,0.5536482528861701,-0.08761939855617729,0.5212287342926213,1.5502145316708338,0.02006542174516062,257.13998001624293,0.002571399800162429
2026-09-16,QQQ,rsi_14,10,24,0.07088369987451064,0.11275822112833145,0.827643503949091,0.5360908676756674,-0.0878522446148211,0.5181660736358746,1.5285439048923743,0.02006542174516062,513.7454658894019,0.005137454658894019
2026-09-16,QQQ,rsi_14,20,24,0.06554448803956918,0.11287528074451912,0.780695968160973,0.499621836777775,-0.08831732232438777,0.5108260700692685,1.4856668423158343,0.02006542174516062,1025.3562874702823,0.010253562874702825
2026-09-16,QQQ,vol_target_10pct,5,24,0.08542459162037856,0.10162950668696367,0.843800783576658,1.0823361150125863,-0.08032081758781863,0.5530620981700299,1.1757458974925379,0.021337394701292017,276.36862542944294,0.00276368625429443
2026-09-16,QQQ,vol_target_10pct,10,24,0.08249494598749954,0.10163933029710892,0.8171734601320596,1.046519452441129,-0.08083762090448793,0.5505305580269463,1.1702314288382942,0.021337394701292017,552.0041943005689,0.00552004194300569
2026-09-16,QQQ,vol_target_10pct,20,24,0.07665876438417128,0.1016636990935556,0.7638891120001174,0.9762576706126157,-0.08192951756076303,0.5487188672988685,1.1592202982273994,0.021337394701292017,1101.0855837168992,0.011010855837168992
2026-09-16,QQQ,ai_parameter_selector,5,24,0.09503141475285504,0.1129138657922505,0.7401851688279489,0.8347617756260942,-0.09184237637759007,0.540264112381377,1.1736926743776772,0.01260906688792735,157.3446595693425,0.0015734465956934254
2026-09-16,QQQ,ai_parameter_selector,10,24,0.09339711256215531,0.11297262913093353,0.7254640667787086,0.8224480601189041,-0.09250818490573294,0.5398887370060016,1.1697914325381016,0.01260906688792735,314.4764743743977,0.0031447647437439774
2026-09-16,QQQ,ai_parameter_selector,20,24,0.09013502991859346,0.11311270867000332,0.6962737966016078,0.7976251468538252,-0.09387295864980395,0.5390869773919814,1.1620165975247492,0.01260906688792735,628.1024511882453,0.006281024511882452
2026-09-16,IWM,buy_and_hold,5,24,0.11326145174310222,0.2199500711908082,0.6748588127166063,1.0322489047200238,-0.1851434889081207,0.5358136396849017,1.12462907031635,0.004062158962797372,50.0,0.0005000000000000003
2026-09-16,IWM,buy_and_hold,10,24,0.11274979036544668,0.22006981689587965,0.6723239345093823,1.0285220315562613,-0.18526321646362517,0.5358136396849017,1.1241448340742772,0.004062158962797372,100.0,0.0010000000000000005
2026-09-16,IWM,buy_and_hold,20,24,0.11172648649407842,0.22031353180920585,0.6672445445010159,1.0209455487374706,-0.18550289022411523,0.5354809703621924,1.1231799019073214,0.004062158962797372,200.0,0.002000000000000001
2026-09-16,IWM,momentum_60_day,5,24,0.04419177743975609,0.11817987519486639,0.22068311102823449,0.35341229925149925,-0.10712903912311013,0.5287430319985084,1.0550775308791203,0.014443069628796601,174.82387237095728,0.001748238723709573
2026-09-16,IWM,momentum_60_day,10,24,0.04242779782418062,0.11824475016252489,0.20371869322303834,0.3373201227490748,-0.10792399675806041,0.527108447726068,1.0508819646261112,0.014443069628796601,349.4192501561284,0.0034941925015612844
2026-09-16,IWM,momentum_60_day,20,24,0.03890674046870884,0.11839968477999362,0.1698996134122471,0.30430155133673603,-0.10952789555466508,0.5241064432624638,1.042583707906877,0.014443069628796601,697.9254952955577,0.006979254952955576
2026-09-18,IWM,ma_crossover_20_100,5,24,0.03252088700216861,0.11526919934562237,0.17465356493826598,0.2802894384477388,-0.11128970492530015,0.5126414019313887,1.0522805145972651,0.012704934758105982,152.82703303149026,0.0015282703303149028
2026-09-18,IWM,ma_crossover_20_100,10,24,0.030970195735177144,0.11530259543757378,0.1588357549962943,0.26557779550101446,-0.1118191218794361,0.5126414019313887,1.0480538899564322,0.012704934758105982,305.4827696267755,0.003054827696267755
2026-09-18,IWM,ma_crossover_20_100,20,24,0.02787403067332646,0.11539265000999488,0.1272526838905932,0.23643600548028054,-0.11291694461374026,0.5111901537933161,1.0396737418090298,0.012704934758105982,610.2808325068369,0.00610280832506837
2026-09-18,IWM,mean_reversion_z,5,24,0.03731879001769318,0.12875073004569654,0.5448393611470875,0.4735801179004176,-0.10498920660835816,0.5338609021896187,1.2604928251855052,0.048986872155840945,624.1439171739868,0.006241439171739869
2026-09-18,IWM,mean_reversion_z,10,24,0.030906103336321853,0.1288609483959891,0.48571114705601187,0.42784745840819266,-0.10590027045681825,0.528717822183829,1.2303231254915665,0.048986872155840945,1244.7454405384249,0.012447454405384249
2026-09-18,IWM,mean_reversion_z,20,24,0.01819114223862536,0.12916539641985955,0.36697179778393174,0.33408481453049976,-0.10789425845966753,0.5222567663405515,1.173726507634375,0.048986872155840945,2475.396422084424,0.02475396422084424
2026-09-18,IWM,rsi_14,5,24,0.04323638857575728,0.12929240515506568,0.5701143229213776,0.39880526431997665,-0.11528407717381568,0.5510914125554552,1.3448814727263132,0.022321901111676864,283.88214271773114,0.0028388214271773122
2026-09-18,IWM,rsi_14,10,24,0.040324405148903376,0.12935394063545827,0.5444968362536226,0.3815384455834607,-0.11567266277591999,0.549500295339338,1.327608492048032,0.022321901111676864,567.1711645294887,0.005671711645294887
2026-09-18,IWM,rsi_14,20,24,0.034518582359309526,0.12951537459320608,0.4929126042875636,0.34536195967525646,-0.11653306582893946,0.5407422271673371,1.2940767899012153,0.022321901111676864,1131.9731392046808,0.01131973139204681
2026-09-18,IWM,vol_target_10pct,5,24,0.04227174500096472,0.10234036165611393,0.43932031409336064,0.6379244759411161,-0.08908446010167397,0.5339394323466059,1.0877071436943944,0.020630335105139806,261.7593337822487,0.0026175933378224862
2026-09-18,IWM,vol_target_10pct,10,24,0.03953959393888831,0.10234166562218079,0.4136703536856801,0.6020647611654862,-0.08960043281294268,0.533575531327683,1.0828938044290937,0.020630335105139806,522.8481164713506,0.005228481164713504
2026-09-18,IWM,vol_target_10pct,20,24,0.03409636110896989,0.10234852184222705,0.3623524288181165,0.5301505864487722,-0.09075506306397703,0.532490920676431,1.0733260585894833,0.020630335105139806,1043.0237476809737,0.01043023747680974
2026-09-18,IWM,ai_parameter_selector,5,24,0.01980452471075593,0.11385105069518904,-0.05852277522159972,0.10136392382724897,-0.11859467193246175,0.5131111695667062,0.9845569315829819,0.017853720884715752,218.27122913439067,0.002182712291343907
2026-09-18,IWM,ai_parameter_selector,10,24,0.01759895635299653,0.11390869329378235,-0.07874544777045654,0.08283356216055525,-0.11990477350699746,0.5104395671011128,0.9796860719101526,0.017853720884715752,436.0483657687739,0.0043604836576877385
2026-09-18,IWM,ai_parameter_selector,20,24,0.013202585972420614,0.11405370831513728,-0.11901711227323171,0.045330684354898426,-0.12252470708862302,0.5074738672091835,0.9700719815228952,0.017853720884715752,870.1273742926975,0.008701273742926978
2026-09-18,DIA,buy_and_hold,5,24,0.10740834941378259,0.157613192041844,0.9725808024723052,1.3760174066916526,-0.13382922787677162,0.5481049206536767,1.1989117487150651,0.00405946862112398,50.0,0.0005000000000000002
2026-09-18,DIA,buy_and_hold,10,24,0.10689788263079165,0.15770112556802865,0.9687507695774839,1.3707578569267476,-0.13391204787953073,0.5481049206536767,1.1981061990611046,0.00405946862112398,100.0,0.0010000000000000005
2026-09-18,DIA,buy_and_hold,20,24,0.10587696763299888,0.1578829590713784,0.9610315895174456,1.3603773583318797,-0.13409625333763137,0.5476035765676551,1.1964921018936685,0.00405946862112398,200.0,0.002000000000000001
2026-09-18,DIA,momentum_60_day,5,24,0.03827494483782605,0.08049792451835414,0.4513790129392732,0.5786366397174081,-0.07047641773503724,0.5466589238851055,1.136277941317555,0.011706921456559825,143.5042613131385,0.0014350426131313852
2026-09-18,DIA,momentum_60_day,10,24,0.036813778344125046,0.08053339569195157,0.4317824612247685,0.5618767500181777,-0.07119228065256651,0.5443874476989554,1.130791558224453,0.011706921456559825,286.87433049994826,0.0028687433049994836
2026-09-18,DIA,momentum_60_day,20,24,0.03389548237899033,0.08063343433151171,0.39256570987782075,0.5275893398626819,-0.07266467515989622,0.5419026721753077,1.1198955152358583,0.011706921456559825,573.2121782009281,0.005732121782009281
2026-09-18,DIA,ma_crossover_20_100,5,24,0.04264447141797806,0.08069634716279113,0.5217622446200401,0.6585388189283342,-0.07191887620438096,0.5430971607708303,1.1480914820145867,0.011374236260580815,138.91854956071873,0.0013891854956071868
2026-09-18,DIA,ma_crossover_20_100,10,24,0.04122497980720377,0.08072173176087437,0.5021791076948837,0.6418200496046743,-0.07242395168376249,0.5410608317886941,1.1422627721240834,0.011374236260580815,277.703636367069,0.002777036363670691
2026-09-18,DIA,ma_crossover_20_100,20,24,0.0383900792873292,0.08080180382225059,0.46294882805475895,0.6074025969659204,-0.07352199323603376,0.5384715882673848,1.130702351164276,0.011374236260580815,554.8737131723568,0.0055487371317235685
2026-09-18,DIA,mean_reversion_z,5,24,0.040034640308883304,0.09817990783057873,0.6470423807807012,0.51532294606586,-0.07681443530119027,0.5426259981849516,1.3775554162201047,0.04501273672248544,567.4075056798976,0.005674075056798977
2026-09-18,DIA,mean_reversion_z,10,24,0.03414478647267521,0.0982954633251718,0.5746259881920032,0.45570183600644915,-0.07756833204355888,0.5346156294612441,1.3346566319713455,0.04501273672248544,1131.8187853436532,0.011318187853436532
2026-09-18,DIA,mean_reversion_z,20,24,0.02245883195473872,0.09863018795131932,0.4290758474294059,0.33866699401143,-0.07932129843298219,0.5173198477120363,1.252844109990205,0.04501273672248544,2251.7127215700116,0.022517127215700122
2026-09-18,DIA,rsi_14,5,24,0.05579428458822919,0.10138204559135944,0.7228340890581323,0.5668006195389795,-0.08230926770606246,0.5514065518105005,1.3419940643842885,0.02341255717826217,300.68041523119865,0.003006804152311986
2026-09-18,DIA,rsi_14,10,24,0.05267204547223398,0.10144738166125465,0.6860742783979962,0.5411021079256227,-0.08257411849059906,0.5474577044050802,1.3209256682479384,0.02341255717826217,600.618780808584,0.00600618780808584
2026-09-18,DIA,rsi_14,20,24,0.046450312478668716,0.1016313227299419,0.6119353053294212,0.4894301383471493,-0.08321374498007135,0.5435508013796949,1.2796870745435796,0.02341255717826217,1198.2752515867894,0.011982752515867891
2026-09-18,DIA,vol_target_10pct,5,24,0.07379588830734404,0.09590573174034416,0.8450795992704448,1.1461993251067877,-0.08099122472818447,0.5484154662357253,1.1850299033834184,0.01893513707654958,237.82626884762468,0.002378262688476247
2026-09-18,DIA,vol_target_10pct,10,24,0.07127059340531738,0.09591191566841252,0.8204712201975309,1.113476957294052,-0.08149287401158993,0.5476931812743101,1.180059800148949,0.01893513707654958,475.1029438199982,0.004751029438199983
2026-09-18,DIA,vol_target_10pct,20,24,0.066237760436668,0.09593114188378532,0.7711829650998606,1.047322283701111,-0.08249772399084494,0.5460650581143501,1.1701705676108851,0.01893513707654958,948.0153737838383,0.009480153737838384
2026-09-18,DIA,ai_parameter_selector,5,24,0.03382275377392921,0.08143623180761089,0.37263671259677217,0.5369395140827322,-0.07543170429412625,0.5121898055974057,1.0643022375839701,0.009875558948410487,120.68411836145007,0.001206841183614501
2026-09-18,DIA,ai_parameter_selector,10,24,0.032605937306444545,0.08149543439269372,0.3556503029282038,0.5212143421190527,-0.07606980141442554,0.5118717394396448,1.058912889193983,0.009875558948410487,241.24209753643686,0.002412420975364368
2026-09-18,DIA,ai_parameter_selector,20,24,0.0301761129226701,0.08163964361706223,0.32176997313679984,0.4902555880044308,-0.07734520574175877,0.5083734580970644,1.048413919155848,0.009875558948410487,481.9800783329102,0.004819800783329103
2026-09-18,EFA,buy_and_hold,5,23,0.07823369220609182,0.1867420571058376,0.671670883602135,1.0120793281293499,-0.17014408082110904,0.5340367220290317,1.1333532943135116,0.00406274709399807,50.0,0.0005000000000000002
2026-09-18,EFA,buy_and_hold,10,23,0.07772239234209352,0.18684763518408828,0.6685026683608534,1.0072620958647085,-0.1702592906353978,0.5340367220290317,1.132734355248236,0.00406274709399807,100.0,0.0010000000000000007
2026-09-18,EFA,buy_and_hold,20,23,0.07669981166282862,0.18706394024371995,0.6621390595008222,0.9977214905279357,-0.17048991299409422,0.5336860680877098,1.1314972329169612,0.00406274709399807,200.0,0.0020000000000000013
2026-09-18,EFA,momentum_60_day,5,23,0.030972252397037874,0.09193468472620647,0.29025008152615006,0.41774897353194407,-0.08268294260914727,0.5111719946710732,1.0574849656891077,0.011318670565550118,135.8061545916439,0.0013580615459164395
2026-09-20,EFA,momentum_60_day,10,23,0.02893914354557878,0.09198013595538719,0.26932849708492457,0.39557143331874456,-0.08327905782235157,0.5094240378679045,1.05172199717978,0.011314530567371719,271.4649164913721,0.002714649164913721
2026-09-20,EFA,momentum_60_day,20,23,0.026132548546573896,0.09206857028936759,0.23819134668082842,0.36470427962711816,-0.08453487025439328,0.5090647133979079,1.0427175160487774,0.011314530567371719,542.3409433772091,0.005423409433772093
2026-09-20,EFA,ma_crossover_20_100,5,23,0.037554943731731176,0.0849201828693856,0.3348230374592151,0.49500725793356737,-0.0729412821876576,0.5318253397299774,1.063656296586069,0.008917091328636077,108.53661112247143,0.0010853661112247143
2026-09-20,EFA,ma_crossover_20_100,10,23,0.03644327951037954,0.08496075519445241,0.31824876328516827,0.4814683671626434,-0.0732992100153849,0.5157222801486568,1.056948664838164,0.008917091328636077,217.0137141326763,0.002170137141326764
2026-09-20,EFA,ma_crossover_20_100,20,23,0.03422176217893443,0.08506582376909692,0.2851598480990846,0.4591029696308677,-0.07408371754671489,0.5145169541726701,1.044450072562481,0.008917091328636077,433.78939581628657,0.0043378939581628665
2026-09-20,EFA,mean_reversion_z,5,23,0.030113833649207854,0.11569287060650109,0.5151290598210083,0.45423208448712615,-0.10345098426256145,0.5339686540879673,1.2972221669214452,0.04784841426023078,605.0950100497805,0.006050950100497805
2026-09-20,EFA,mean_reversion_z,10,23,0.023921536996697742,0.11577620911824532,0.45158700604187674,0.4036693592217208,-0.1041870117434313,0.5242301292508676,1.2609486415453623,0.04784841426023078,1206.8615760274022,0.012068615760274022
2026-09-20,EFA,mean_reversion_z,20,23,0.011638782589515098,0.11603502805648072,0.3234750173621273,0.2941084032253755,-0.10604347117563051,0.510899604754896,1.1870974363619908,0.04784841426023078,2400.4759540039418,0.024004759540039416
2026-09-20,EFA,rsi_14,5,23,0.033191041669091634,0.12348805624165295,0.5647812737804576,0.37308798943320237,-0.11161463206598403,0.5577795334634233,1.4900218757871522,0.022870798630291286,293.70739214659187,0.0029370739214659193
2026-09-20,EFA,rsi_14,10,23,0.030215121715368397,0.12360058998691992,0.5353837215457575,0.3515223159277107,-0.11216490026939062,0.5543803239772574,1.4504531519710786,0.022870798630291286,586.6857555057242,0.005866857555057242
2026-09-20,EFA,rsi_14,20,23,0.024285279143828286,0.12386832368176674,0.4763174082679715,0.3080324193574194,-0.11337783024460193,0.5484252877740058,1.3825027998647739,0.022870798630291286,1170.461356144475,0.011704613561444753
2026-09-20,EFA,vol_target_10pct,5,23,0.03187156362195658,0.10025458772718063,0.3681610739464216,0.5598655298953489,-0.09829454749957298,0.5301619925003582,1.0808767314674466,0.021323077250066276,266.5317792841273,0.0026653177928412735
2026-09-20,EFA,vol_target_10pct,10,23,0.029102034820378073,0.10025908413441612,0.3414079514398855,0.5243976437910988,-0.09894341539383229,0.529972131099181,1.0758257496205454,0.021323077250066276,532.3533879520547,0.005323533879520548
2026-09-20,EFA,vol_target_10pct,20,23,0.023585336556484492,0.1002738236402405,0.2878767567072996,0.4535289736665597,-0.10024102421182814,0.5281887495302037,1.0657933638160675,0.021323077250066276,1061.8743335710883,0.010618743335710884
2026-09-20,EFA,ai_parameter_selector,5,23,0.0293331757783027,0.09436922847889831,0.15479180744030502,0.312836461141556,-0.08850203276416621,0.46300457295289577,0.9363501552400473,0.014638289617291097,178.31961020041325,0.001783196102004132
2026-09-20,EFA,ai_parameter_selector,10,23,0.027464621161409426,0.09442752589480281,0.13693067561656078,0.2957381171638436,-0.08939992168747413,0.46172854080090453,0.931890136525355,0.014638289617291097,356.25667063779696,0.0035625667063779684
2026-09-20,EFA,ai_parameter_selector,20,23,0.023739359101424388,0.0945712921781622,0.10141846019965191,0.26190369752151493,-0.09119173610917115,0.4602890712669756,0.9231336724932432,0.014638289617291097,710.987067265553,0.007109870672655532
2026-09-20,EEM,buy_and_hold,5,21,0.08501364657437184,0.2494306760006873,0.4786293845548714,0.6814414358254179,-0.21752804400109874,0.5285515307230351,1.0970861870293027,0.004068729318375302,50.0,0.0005000000000000002
2026-09-20,EEM,buy_and_hold,10,21,0.08450043557856537,0.24957098032451744,0.47630875573257053,0.677925903094082,-0.21764366105004335,0.5285515307230351,1.0966681144468016,0.004068729318375302,100.0,0.0010000000000000005
2026-09-20,EEM,buy_and_hold,20,21,0.08347403311196581,0.24985571097861653,0.47166188055686387,0.6706059987965979,-0.2178868130102953,0.5279777825802732,1.0958211223592387,0.004068729318375302,200.0,0.002000000000000001
2026-09-21,EEM,momentum_60_day,5,21,0.06696315018518663,0.12075065206178756,0.35313136025119574,0.4874288969342389,-0.09946348497991567,0.5037937644759123,1.0359870812658545,0.010570436269378843,125.47907837520324,0.0012547907837520327
2026-09-21,EEM,momentum_60_day,10,21,0.06563868657409973,0.1207926407948274,0.3407669887762509,0.4762929833218752,-0.10002398343298233,0.5029727464135149,1.0323359016266478,0.010570436269378843,250.85685674946845,0.0025085685674946846
2026-09-21,EEM,momentum_60_day,20,21,0.06299326590388728,0.12089501827854236,0.3160742795275766,0.45506381876853325,-0.10120130200008222,0.5016049621509937,1.0250216511928445,0.010570436269378843,501.3086768606817,0.005013086768606819
2026-09-21,EEM,ma_crossover_20_100,5,21,0.05870095811136723,0.10606393492513129,0.26564683545138285,0.4708794957366639,-0.08073491098193138,0.49819564062146493,0.9887018196043582,0.007867647171355735,95.93898066806956,0.0009593898066806957
2026-09-21,EEM,ma_crossover_20_100,10,21,0.05770848082166148,0.10613608120213511,0.25350883191935547,0.4628180209358511,-0.08107467180783358,0.49766059514259925,0.9846748395911347,0.007867647171355735,191.83166019864694,0.0019183166019864698
2026-09-21,EEM,ma_crossover_20_100,20,21,0.05572496181407461,0.10629880120186674,0.2295254199744879,0.4475104088402427,-0.08185578702688932,0.49255713716556476,0.9767913806062619,0.007867647171355735,383.4781706369643,0.003834781706369644
2026-09-21,EEM,mean_reversion_z,5,21,0.005915560140183447,0.1546224553662022,0.24067295026195795,0.194892008030218,-0.14559975658513663,0.5216310669597899,1.1868197024946983,0.051317145052205616,643.4417753977721,0.006434417753977719
2026-09-21,EEM,mean_reversion_z,10,21,-0.0005630694245526953,0.15477821972271213,0.18549903427690415,0.14919064477995228,-0.14674781920347768,0.5186594245782951,1.15409620033528,0.051317145052205616,1282.9846860100483,0.012829846860100483
2026-09-21,EEM,mean_reversion_z,20,21,-0.013402542170363185,0.15516640442226418,0.07537880009396715,0.05643437004146377,-0.1492542088340587,0.5107198036595013,1.0960854168334302,0.051317145052205616,2550.461430265082,0.025504614302650823
2026-09-21,EEM,rsi_14,5,21,0.022546728216889998,0.15090264679564122,0.4047317265520598,0.32030169291764626,-0.12404356327298359,0.5144544781602567,1.2571412035860627,0.0200745638819059,252.84751558354756,0.0025284751558354757
2026-09-21,EEM,rsi_14,10,21,0.019895896758049942,0.15103548295686736,0.3833189653021333,0.3028024024381634,-0.12444770450627403,0.5138439775497561,1.245613660296831,0.0200745638819059,505.1550987334073,0.005051550987334073
2026-09-21,EEM,rsi_14,20,21,0.014611268361381227,0.15133251005247433,0.34043973429760743,0.2682319224361517,-0.1253154394568086,0.5102432501300752,1.221898443351715,0.0200745638819059,1008.1540639443507,0.010081540639443507
2026-09-21,EEM,vol_target_10pct,5,21,0.018375657127213996,0.10303326357415896,0.18298960211255091,0.22365965452355915,-0.1056094827795517,0.5255760237037911,1.0509304987711576,0.019953138374056628,251.44243751882837,0.0025144243751882836
2026-09-21,EEM,vol_target_10pct,10,21,0.01578849623679993,0.10303040360304085,0.15829850654130234,0.1901043866177697,-0.10644514246140976,0.5247505551764592,1.0464194638063706,0.019953138374056628,502.24735805692774,0.005022473580569277
2026-09-21,EEM,vol_target_10pct,20,21,0.01063387703511275,0.10302842896345184,0.1089023230617021,0.12229399540775197,-0.10814536905322356,0.5228898429936478,1.037431900047175,0.019953138374056628,1001.9539172466781,0.01001953917246678
2026-09-21,EEM,ai_parameter_selector,5,21,0.04039617452656278,0.1286253605851416,0.18747634055087864,0.3464220764355428,-0.11471172338757561,0.49671637548776315,0.9931118893488257,0.015733788722249658,193.38873026247418,0.0019338873026247423
2026-09-21,EEM,ai_parameter_selector,10,21,0.03841983733788559,0.12865159235500437,0.17115848543691903,0.33275747001147526,-0.11550180974345585,0.4931869957168859,0.9885841988124668,0.015733788722249658,386.42787986719304,0.0038642787986719303
2026-09-21,EEM,ai_parameter_selector,20,21,0.03447785061656078,0.1287276178010029,0.13854671506614094,0.30204833799638114,-0.11719059986863856,0.4919373907876021,0.9795651145651721,0.015733788722249658,771.4594418569475,0.007714594418569474
2026-09-21,TLT,buy_and_hold,5,22,0.039110264815929045,0.13856811437278418,0.31622320245665225,0.5118776695336823,-0.1307662818475246,0.5193810793662407,1.066536275713889,0.004064880883222785,50.0,0.0005000000000000003
2026-09-21,TLT,buy_and_hold,10,22,0.03860074941378205,0.13863847610801341,0.31225127692739624,0.5060819632769182,-0.13085786709007416,0.5188348829203527,1.0658691882478655,0.004064880883222785,100.0,0.0010000000000000007
2026-09-23,TLT,buy_and_hold,20,22,0.03801508752227924,0.1387773257951534,0.3090347857214506,0.49967755251648427,-0.1310589452941603,0.5186791588805003,1.0652312945952873,0.00406204352083486,200.0,0.002000000000000001
2026-09-23,TLT,momentum_60_day,5,22,0.038772377930149475,0.07363466420318114,0.23935429778844722,0.41232143994384846,-0.06052512537748726,0.4707634083477917,0.9572216302628678,0.007800895238566241,97.31043743693975,0.0009731043743693974
2026-09-23,TLT,momentum_60_day,10,22,0.03780377419855687,0.07368427986045564,0.22499443111762468,0.4003060949569923,-0.06076070748471019,0.4701952265296099,0.9528255404886078,0.007800895238566241,194.5766137423074,0.0019457661374230743
2026-09-23,TLT,momentum_60_day,20,22,0.035867887177987695,0.07380492472686849,0.19645561420361615,0.37577543769446975,-0.06126736845925733,0.46733495214267085,0.9440607016344291,0.007800895238566241,388.9762875567146,0.003889762875567146
2026-09-23,TLT,ma_crossover_20_100,5,22,0.042322806535383645,0.07485430735076891,0.3168516344049697,0.5409916957246925,-0.059910328991017385,0.5256120545912017,1.1130562458059614,0.009391766753116532,116.03529186952623,0.0011603529186952624
2026-09-23,TLT,ma_crossover_20_100,10,22,0.0411275143627043,0.07492545479582086,0.29641822239283233,0.5251864687914846,-0.06010763084582888,0.525187245755178,1.1056405790234687,0.009391766753116532,232.0163178205057,0.0023201631782050567
2026-09-23,TLT,ma_crossover_20_100,20,22,0.038738640683972786,0.0750986179472415,0.2565144303213164,0.49428276825617523,-0.060638356488520145,0.5210429462396036,1.0914632509032396,0.009391766753116532,463.8155719668242,0.004638155719668241
2026-09-23,TLT,mean_reversion_z,5,22,0.01579644163235241,0.07017965213405698,0.3476672212309895,0.32001117119678585,-0.06935638465979271,0.547125703657979,1.266713108079563,0.04942929871293525,616.9419090621726,0.006169419090621727
2026-09-23,TLT,mean_reversion_z,10,22,0.009456394172776035,0.07024212342289543,0.2530039061849163,0.24071837777054494,-0.07044691567000544,0.5396533979915077,1.2206941712437656,0.04942929871293525,1230.3512199882707,0.01230351219988271
2026-09-23,TLT,mean_reversion_z,20,22,-0.0031112689039025994,0.07050132368353643,0.06342364353500474,0.07360905947358459,-0.07276163070483835,0.5281822674093223,1.1345869248173452,0.04942929871293525,2446.646027955398,0.02446646027955398
2026-09-23,TLT,rsi_14,5,22,0.00685757564016696,0.07531126129393201,0.3357543593590933,0.16680518940023012,-0.07458848287880167,0.5495583689913447,1.2336911074529118,0.0255778918436721,319.81881547072703,0.0031981881547072707
2026-09-23,TLT,rsi_14,10,22,0.0036184234525885495,0.07535186704526492,0.2863413443736511,0.12710250827436684,-0.07499829096631441,0.5453501725614718,1.2099746500962623,0.0255778918436721,638.8625197469984,0.006388625197469983
2026-09-23,TLT,rsi_14,20,22,-0.0028358859366612106,0.07550591639382882,0.1866557479154531,0.04553052016183389,-0.0761889295046827,0.5364639965725682,1.164091949548013,0.0255778918436721,1274.6299258915772,0.012746299258915766
2026-09-23,TLT,vol_target_10pct,5,22,0.02341873652673244,0.09675303418794984,0.250341743747726,0.4244161583269745,-0.0913085632313662,0.5207837092875642,1.055779573275363,0.0191441122666843,241.3552481043748,0.002413552481043748
2026-09-23,TLT,vol_target_10pct,10,22,0.020955141846210636,0.09676688206367962,0.22585006018561085,0.38706628718344904,-0.09200330984887449,0.520587784522674,1.0514238513833722,0.0191441122666843,482.1169598565497,0.004821169598565497
2026-09-23,TLT,vol_target_10pct,20,22,0.016045899550848938,0.09680141230976404,0.1768578371378172,0.3126320093104633,-0.09343568516235591,0.51881163541576,1.0427542975550002,0.0191441122666843,961.8680573560858,0.009618680573560861
2026-09-23,TLT,ai_parameter_selector,5,22,0.03449076472174992,0.08288912162914436,0.22294251328408923,0.34251111950234053,-0.07207314753833378,0.47104475191239836,0.9821624687485947,0.012333351342279482,154.56362896888382,0.0015456362896888384
2026-09-23,TLT,ai_parameter_selector,10,22,0.03289172582014806,0.08295467869383044,0.20387461457543943,0.323592650798073,-0.0727889922499482,0.47104475191239836,0.9765643003678265,0.012333351342279482,308.9213177724772,0.0030892131777247715
2026-09-23,TLT,ai_parameter_selector,20,22,0.029700297090117865,0.08311406249355127,0.1658630255447914,0.2848851105681068,-0.07435149494492471,0.46797359670444705,0.9655408679793193,0.012333351342279482,617.0200044554363,0.006170200044554362
2026-09-23,IEF,buy_and_hold,5,22,0.03143108235761493,0.0643535873031964,0.506936250996147,0.8314987552516608,-0.059445139607678436,0.519998919498514,1.0995997682930168,0.00406204352083486,50.0,0.0005000000000000003
2026-09-25,IEF,buy_and_hold,10,22,0.029979278311096626,0.06446092072321868,0.4802159440038132,0.7924274575867273,-0.060011230408027604,0.5197059808557088,1.0955736436386894,0.004059268518059858,100.0,0.0010000000000000007
2026-09-25,IEF,buy_and_hold,20,22,0.02896156308049952,0.06453945151312808,0.46316555784622826,0.7649199301223003,-0.06016423921069307,0.518353050415678,1.0925477636414873,0.004059268518059858,200.0,0.0020000000000000013
2026-09-25,IEF,momentum_60_day,5,22,0.010056355847634464,0.02416090298772704,0.12772880873336245,0.18177590787409234,-0.021655835616205467,0.305540357953685,0.6469720748411404,0.003987737639300063,49.71861533711313,0.0004971861533711314
2026-09-25,IEF,momentum_60_day,10,22,0.009554111011248338,0.024195395144492225,0.11358564745834955,0.16964846533876352,-0.02181313293686872,0.3046238432757024,0.6404138642677963,0.003987737639300063,99.43277220566952,0.0009943277220566954
2026-09-25,IEF,momentum_60_day,20,22,0.008549754670301052,0.024285481540376654,0.08547844141522637,0.14463971844714238,-0.02217335014106164,0.3039650817473757,0.6283308567050536,0.003987737639300063,198.8477105371121,0.0019884771053711218
2026-09-25,IEF,ma_crossover_20_100,5,22,0.02011726217209012,0.03518408302349225,0.3499582593698802,0.4978724681211766,-0.030960367249366905,0.49761349072574834,1.0733922981395343,0.008893224265614223,111.17417517069839,0.001111741751706984
2026-09-25,IEF,ma_crossover_20_100,10,22,0.01900163820427986,0.03522539745023313,0.31500157604613205,0.46588624250242056,-0.031391009809686475,0.495122165063691,1.0631304512560686,0.008893224265614223,222.28959701705946,0.0022228959701705952
2026-09-25,IEF,ma_crossover_20_100,20,22,0.016772170355687132,0.035359863253811845,0.2457345617720617,0.40034585386699395,-0.032339359533848686,0.48925645353866104,1.0426510512117992,0.008893224265614223,444.3442354912941,0.004443442354912942
2026-09-25,IEF,mean_reversion_z,5,22,-0.005352781191281863,0.031322130494716126,0.06986367480580452,-0.007402113501462471,-0.033617097559810113,0.5176819711210743,1.168878242659789,0.04414450224943193,545.3959148818379,0.005453959148818379
2026-09-25,IEF,mean_reversion_z,10,22,-0.01085978946698511,0.03148405538005562,-0.1377782687115903,-0.1739442226107701,-0.03497075498099421,0.5049935745705298,1.0707387113452003,0.04414450224943193,1088.2444945579314,0.010882444945579316
2026-09-25,IEF,mean_reversion_z,20,22,-0.02179550895671448,0.032091629181959264,-0.5397889930475718,-0.5074127639241195,-0.03877604958037152,0.47611429808495065,0.9120195770069003,0.04414450224943193,2166.339730947006,0.021663397309470048
2026-09-25,IEF,rsi_14,5,22,0.0005442755251288627,0.034239328235664696,0.2708455026812198,0.1798362974190291,-0.034963904504810496,0.5282525378186176,1.219544735668717,0.02393125761474055,297.7804174378468,0.0029778041743784675
2026-09-25,IEF,rsi_14,10,22,-0.0024583713401497616,0.034332484278854554,0.16589843647945962,0.08609177263864115,-0.0354642448955963,0.5172639398877737,1.1691909188492784,0.02393125761474055,594.9152752312671,0.005949152752312671
2026-09-25,IEF,rsi_14,20,22,-0.008443701996831482,0.0346676724011439,-0.0433291350927044,-0.10384479475369397,-0.03688866183648975,0.5035074228029718,1.0726783690140214,0.02393125761474055,1187.2519811675845,0.011872519811675837
2026-09-25,IEF,vol_target_10pct,5,22,0.022198408869532605,0.06061985736093591,0.4093829045329885,0.6582191190475648,-0.055875240824822384,0.5187911118203942,1.0851519562920524,0.006597087892043926,81.6924840591996,0.0008169248405919961
2026-09-25,IEF,vol_target_10pct,10,22,0.021370109364451106,0.06065608957799869,0.39643259334683345,0.6372810864292077,-0.056045668566979595,0.5185917497789269,1.0827520358203098,0.006597087892043926,163.3403392171182,0.0016334033921711823
2026-09-25,IEF,vol_target_10pct,20,22,0.019714886843424886,0.06074232739057033,0.3704676179560917,0.5952505339847824,-0.056417151110422864,0.5177112531760952,1.0779832513817793,0.006597087892043926,326.5023749144762,0.0032650237491447633
2026-09-25,IEF,ai_parameter_selector,5,22,0.01500731929484706,0.03795923201749269,0.24140820426890935,0.3593630575629859,-0.037117598273919264,0.45581781652418135,0.957023960025024,0.007445934199882262,92.48146670941695,0.0009248146670941694
2026-09-25,IEF,ai_parameter_selector,10,22,0.014078223112934456,0.038014681606236486,0.21875360367131036,0.33498264751640405,-0.03749728247621939,0.4543586076586692,0.9511431938775762,0.007445934199882262,184.9094724040509,0.0018490947240405093
2026-09-25,IEF,ai_parameter_selector,20,22,0.012221668167092671,0.038159532949011296,0.17401643792810115,0.2887764841639693,-0.0382967008866644,0.45182202067297156,0.9393138611558665,0.007445934199882262,369.6052079220415,0.003696052079220415
2026-09-27,LQD,buy_and_hold,5,22,0.03786467637427227,0.07295883356559861,0.6804181459868479,0.9825393739823208,-0.07461605198054236,0.5354330002150617,1.1388017755009379,0.004057903762596742,50.0,0.0005000000000000002
2026-09-27,LQD,buy_and_hold,10,22,0.03735584653733551,0.07299742065198488,0.6719754689526886,0.9702935559810804,-0.07469500062813812,0.5354330002150617,1.1372034262984039,0.004057903762596742,100.0,0.0010000000000000005
2026-09-27,LQD,buy_and_hold,20,22,0.03633820572666537,0.07308740413601933,0.6549260855964557,0.9451191962084927,-0.07485299491768993,0.5346255693659144,1.1339862129375191,0.004057903762596742,200.0,0.002000000000000001
2026-09-27,LQD,momentum_60_day,5,22,0.014960653814447177,0.019791511871071636,0.3175857431523298,0.33457595498821163,-0.016714678569138074,0.31398577406095685,0.8834904159428292,0.0030822512900466146,38.746902922973135,0.00038746902922973136
2026-09-27,LQD,momentum_60_day,10,22,0.014572739012426702,0.019812660514708872,0.3051661360905191,0.32449442326660033,-0.01678836812657271,0.31398577406095685,0.8774122544218017,0.0030822512900466146,77.49380584594627,0.0007749380584594627
2026-09-27,LQD,momentum_60_day,20,22,0.013796909841828475,0.019873809937067714,0.2802223841139495,0.30356780951734635,-0.016974665109100652,0.31301690166351304,0.8653499257869178,0.0030822512900466146,154.98761169189254,0.0015498761169189254
2026-09-27,LQD,ma_crossover_20_100,5,22,0.02431430959827469,0.03581979716274239,0.5434374683333629,0.7377981893079041,-0.03025701434023603,0.5333323868934363,1.1586193367229096,0.009205296818494038,113.60362048740758,0.0011360362048740758
2026-09-27,LQD,ma_crossover_20_100,10,22,0.023153212736444242,0.03589579008652071,0.5093384428689715,0.707709120254637,-0.030598690703413166,0.5329880342763564,1.146187483627062,0.009205296818494038,227.1349731208744,0.0022713497312087444
2026-09-27,LQD,ma_crossover_20_100,20,22,0.020833316357383957,0.03609870218385723,0.4420833548822113,0.647820153625225,-0.03139345333714975,0.5311389508232511,1.1224704669018584,0.009205296818494038,453.9811455185543,0.0045398114551855415
2026-09-27,LQD,mean_reversion_z,5,22,-0.010615627432281753,0.0461251735800737,0.02823806781713989,-0.012392347206087189,-0.051001977746820144,0.5133767286989434,1.0878731159434982,0.04174159629247985,512.1811377086547,0.005121811377086547
2026-09-27,LQD,mean_reversion_z,10,22,-0.015795153094346096,0.04632167530363078,-0.13425444408152243,-0.1355292922650368,-0.051926773119468576,0.5072122125354799,1.0126871699899869,0.04174159629247985,1021.9525400021837,0.010219525400021837
2026-09-27,LQD,mean_reversion_z,20,22,-0.026078833652024933,0.04693428274493767,-0.4479027466682019,-0.38055211911263703,-0.05513412328527683,0.4808100687846942,0.8907481565259293,0.04174159629247985,2034.3079694533437,0.020343079694533438
2026-09-27,LQD,rsi_14,5,22,0.0005997516279573951,0.04561084476828304,0.2224601349022958,0.06718916787694572,-0.0454624715060423,0.5219407960811547,1.1765110765793851,0.021607342399048178,269.36918955035395,0.0026936918955035396
2026-09-27,LQD,rsi_14,10,22,-0.002119245702131774,0.04565422759025415,0.1440415521255488,0.00809365282782208,-0.046122025504950634,0.5135856923262231,1.1362540356174853,0.021607342399048178,538.1249937332054,0.005381249937332053
2026-09-27,LQD,rsi_14,20,22,-0.007538596705261641,0.04585427387838579,-0.013400426287825845,-0.1095045878390101,-0.047757714790576354,0.4951691325766493,1.0567641301482196,0.021607342399048178,1073.8008459945095,0.010738008459945096
2026-09-27,LQD,vol_target_10pct,5,22,0.027284282692462577,0.06127853253566611,0.5816390383898716,0.8038871782028988,-0.06260553454653789,0.5366658111674824,1.1215184367617588,0.006929983011850849,83.6435485087042,0.000836435485087042
2026-09-27,LQD,vol_target_10pct,10,22,0.02642005485950333,0.061314668605067804,0.5683863987498884,0.7857307679731186,-0.06288234974007598,0.535982837364577,1.1189301358787156,0.006929983011850849,167.22337137181344,0.0016722337137181347
2026-09-27,LQD,vol_target_10pct,20,22,0.02469359909935651,0.06140090147018748,0.5417324413099386,0.7479791534291461,-0.06343661465369531,0.5353881956936873,1.1137865531268423,0.006929983011850849,334.1923842458893,0.0033419238424588936
2026-09-27,LQD,ai_parameter_selector,5,22,0.006234508864514215,0.030668819205215206,0.1891179048035102,0.32743069762662963,-0.03404798255674318,0.4009316174508106,0.8309896783877847,0.008702035128665955,107.58708508952965,0.0010758708508952968
2026-09-27,LQD,ai_parameter_selector,10,22,0.005145161801504524,0.030720573565263466,0.16126620513241877,0.2978560427336011,-0.03452865364408098,0.3984525271545793,0.8216683037213631,0.008702035128665955,215.0493669451417,0.0021504936694514178
2026-09-28,LQD,ai_parameter_selector,20,22,0.0029704530883412172,0.030864060435799992,0.10604841338279519,0.23741308903501634,-0.035554040306843934,0.39579170266960517,0.8042767014799955,0.008702035128665955,429.60007002130516,0.004296000700213052
2026-09-28,GLD,buy_and_hold,5,20,0.10268361925561564,0.17377731271937677,0.5941919918065091,0.859108269916814,-0.15415796594530448,0.5305068995233309,1.1193064192779947,0.004064490951605421,50.0,0.0005000000000000002
2026-09-28,GLD,buy_and_hold,10,20,0.10217385691061769,0.17385996392948574,0.5910125210642118,0.8547428671356039,-0.15424629198791537,0.530308486824918,1.1186961381845077,0.004064490951605421,100.0,0.0010000000000000005
2026-09-28,GLD,buy_and_hold,20,20,0.10115435264690109,0.17403030168771025,0.5846446876153542,0.8458383305451791,-0.15442310942151005,0.530109283637667,1.1174710783245718,0.004064490951605421,200.0,0.002000000000000001
2026-09-28,GLD,momentum_60_day,5,20,0.043882284879153965,0.09240697236507062,0.10057085646731923,0.2386250328621246,-0.08609712611001323,0.5080101323832803,1.2077508081531731,0.011394263267462864,139.91849303477835,0.0013991849303477838
2026-09-28,GLD,momentum_60_day,10,20,0.04242169332932866,0.09247298537124819,0.08179662526751005,0.22548175316192168,-0.08649348874169799,0.5072462434943915,1.1945106378627945,0.011394263267462864,279.73464505557865,0.002797346450555787
2026-09-28,GLD,momentum_60_day,20,20,0.03950389772520624,0.09263378429272598,0.04389598357480369,0.19848995402577987,-0.08729447686106409,0.501687077012943,1.1683212597953094,0.011394263267462864,559.0602168435341,0.00559060216843534
2026-09-28,GLD,ma_crossover_20_100,5,20,0.033795498656798324,0.09033421528123325,0.08210296453372776,0.24077112315823265,-0.08396882378487824,0.5018966235262365,1.0318031804313745,0.00984938968141367,120.61237021024093,0.0012061237021024093
2026-09-28,GLD,ma_crossover_20_100,10,20,0.03255597220355148,0.09041019278276377,0.06658959114608634,0.22860626412852897,-0.0844366921551268,0.49947384360345676,1.0268166534087508,0.00984938968141367,241.12844398540284,0.0024112844398540287
2026-09-28,GLD,ma_crossover_20_100,20,20,0.030079893902771222,0.09058582592879447,0.03591634137123002,0.2063877593940347,-0.08540460502529615,0.49708554784021863,1.0166221321623052,0.00984938968141367,481.87204507529714,0.004818720450752973
2026-09-28,GLD,mean_reversion_z,5,20,0.013785425194288964,0.08364473250214141,0.4420549548461435,0.3604956281070497,-0.07249790717889157,0.5438331042822246,1.3707224344295956,0.04094322920064457,513.090265816416,0.00513090265816416
2026-09-28,GLD,mean_reversion_z,10,20,0.008612563365188269,0.0837207181681066,0.3682684824135418,0.30254294091110284,-0.07366966491543966,0.534022818890479,1.3258495443567164,0.04094322920064457,1023.9201349756579,0.010239201349756576
2026-09-28,GLD,mean_reversion_z,20,20,-0.0016645579893591223,0.0839791325925207,0.21988369826292198,0.19718621826295996,-0.07613151807688472,0.5246282649175907,1.2418667374400127,0.04094322920064457,2038.8330503870006,0.02038833050387001
2026-09-28,GLD,rsi_14,5,20,0.02391455516835959,0.08376856032599037,0.4853436106935612,0.3727095407258846,-0.07420620062966865,0.5357576387380416,1.3794847336088973,0.024913728066019075,312.61906466880754,0.0031261906466880764
2026-09-28,GLD,rsi_14,10,20,0.0207220935242511,0.08384212038432222,0.44088849737726593,0.3343513306479298,-0.07463699884518937,0.5331253163386769,1.350716144094862,0.024913728066019075,624.4092443074217,0.006244092443074217
2026-09-28,GLD,rsi_14,20,20,0.014362805550513752,0.08405328570652322,0.3513907186993659,0.25637803633143086,-0.07584806921419607,0.524789247528467,1.2957713884977757,0.024913728066019075,1245.510151875555,0.01245510151875555
2026-09-28,GLD,vol_target_10pct,5,20,0.04807224642784419,0.1027691373901966,0.4226388241055177,0.5954214452048597,-0.10419970120937024,0.5268994238723552,1.1012582537667814,0.022271200429040443,286.34285440751063,0.002863428544075106
2026-09-28,GLD,vol_target_10pct,10,20,0.045108970682406525,0.10277687154547102,0.39546490626886677,0.5581493832144798,-0.10505706504949126,0.5262500732230047,1.0958739782157816,0.022271200429040443,571.8843525213808,0.00571884352521381
2026-09-28,GLD,vol_target_10pct,20,20,0.03920704809891571,0.10279833574805605,0.3410972569389679,0.48420806064153893,-0.10676782944495891,0.5250737431011391,1.0851736107733914,0.022271200429040443,1140.572946228135,0.011405729462281352
2026-09-28,GLD,ai_parameter_selector,5,20,0.04795869338765011,0.11031911886480213,0.1475855427083429,0.3327678468923326,-0.10161286375156206,0.5018571967586427,1.0071374649903568,0.011514683693487108,140.76641606910144,0.0014076641606910144
2026-09-28,GLD,ai_parameter_selector,10,20,0.0464901166449906,0.11039391659575029,0.1321120696764675,0.31871620192361133,-0.10208732104085923,0.5012689614645252,1.0032110848214975,0.011514683693487108,281.3797014376523,0.0028137970143765224
2026-09-28,GLD,ai_parameter_selector,20,20,0.04355786381436168,0.11056721471223505,0.10153675079632576,0.29070610571737826,-0.10303566038717667,0.4978422920349964,0.9954429270787439,0.011514683693487108,562.1476642816848,0.005621476642816849
2026-09-28,SLV,buy_and_hold,5,18,0.13451324201938303,0.3028498727570519,0.36942451399470433,0.5320670933323938,-0.2699084141370018,0.523342722408629,1.0818469100451662,0.004073420281325247,50.0,0.0005000000000000002
2026-09-28,SLV,buy_and_hold,10,18,0.13400436839867644,0.302992955379843,0.36762774503599244,0.5295751436207573,-0.2700187377051859,0.523342722408629,1.0815040367022217,0.004073420281325247,100.0,0.0010000000000000005
2026-09-28,SLV,buy_and_hold,20,18,0.13298664597723786,0.30328236694792104,0.3640375600895558,0.5245855586583431,-0.2702396631086152,0.523342722408629,1.0808197715270773,0.004073420281325247,200.0,0.002000000000000001
2026-09-28,SLV,momentum_60_day,5,18,0.05082338538272281,0.17409520579220605,-0.31212717311914057,0.03494597625923638,-0.17694980017254958,0.48390647862242314,0.8784262807108394,0.014883407454321505,177.72137591688494,0.0017772137591688499
2026-09-28,SLV,momentum_60_day,10,18,0.048957747340431894,0.17418551737269738,-0.32620627505615524,0.025285047348143547,-0.1776763626754831,0.48328919467180587,0.87444592850926,0.014883407454321505,355.2434054617223,0.0035524340546172237
2026-09-28,SLV,momentum_60_day,20,18,0.04523272120624765,0.17438744170175777,-0.35395415455445006,0.0060549873000002525,-0.17913061891376436,0.4686596128236809,0.8667741799069942,0.014883407454321505,709.689930700682,0.007096899307006822
2026-09-28,SLV,ma_crossover_20_100,5,18,0.05722115738649945,0.15210232288938766,-0.19680164696424524,0.021903309177478045,-0.14822124228421102,0.4705031397303323,0.9062465052086469,0.010199274130185025,123.05468922202213,0.0012305468922202212
2026-09-28,SLV,ma_crossover_20_100,10,18,0.055985094883682404,0.15218075190931424,-0.209705847001275,0.015670346963120356,-0.1487570643605041,0.4647676471527345,0.9022766237461857,0.010199274130185025,246.03192729816004,0.0024603192729816003
2026-09-28,SLV,ma_crossover_20_100,20,18,0.05351529206941107,0.15235711232813676,-0.23505442074466704,-0.0018374544137944098,-0.1498460372011476,0.4647676471527345,0.8947567092071067,0.010199274130185025,491.75411400784895,0.004917541140078488
2026-09-28,SLV,mean_reversion_z,5,18,0.012327847291510128,0.14820175598007665,0.3234028187884113,0.40514023828759327,-0.14088845347658094,0.5378726588668922,1.4738972246808368,0.046986717634997115,582.5045383044766,0.005825045383044766
2026-09-28,SLV,mean_reversion_z,10,18,0.006410096639219955,0.14827788882146342,0.2771341189179836,0.36109738426518867,-0.1421378415348585,0.5334374792670288,1.4445680416482158,0.046986717634997115,1162.043180654973,0.011620431806549729
2026-09-28,SLV,mean_reversion_z,20,18,-0.0053338980586073205,0.1484957930153657,0.18456401016245982,0.24530438996535478,-0.14495303566531403,0.5288397824239616,1.3873647977480141,0.046986717634997115,2312.274691491933,0.02312274691491932
2026-09-28,SLV,rsi_14,5,18,0.06615520014926489,0.15388898994577482,0.5868941692920955,0.4686228575697356,-0.13461757535157567,0.5598959231799014,1.4019189067315996,0.0319731076484803,410.7207947899207,0.004107207947899207
2026-09-28,SLV,rsi_14,10,18,0.061903327225166144,0.1539692435658196,0.556918512810718,0.44233662390452616,-0.13512677854050661,0.5575903431605056,1.3842751556256625,0.0319731076484803,820.1494720072338,0.008201494720072337
2026-09-28,SLV,rsi_14,20,18,0.053439987137099375,0.15417314154963432,0.4966824116047881,0.38913854725543134,-0.13621322088645793,0.5552380216064072,1.3501259092074251,0.0319731076484803,1635.1425454781568,0.01635142545478157
2026-09-28,SLV,vol_target_10pct,5,18,0.01831033008318584,0.10650052624155293,0.1537931099639873,0.2356104256410971,-0.11958199221071752,0.5188643246307355,1.0485751514368256,0.01765222971664493,226.2617199224945,0.0022626171992249453
2026-09-28,SLV,vol_target_10pct,10,18,0.016014467987103116,0.10650557383713749,0.132399137621202,0.20740801879027104,-0.12039677053768211,0.5183812237109533,1.0445699037357947,0.01765222971664493,451.9877397350737,0.004519877397350738
2026-09-28,SLV,vol_target_10pct,20,18,0.011438941024396175,0.1065183423945064,0.08961819820631341,0.15097988186487069,-0.12208958913608864,0.516931939216292,1.0366111032439016,0.01765222971664493,901.8381284724471,0.009018381284724472
2026-09-30,SLV,ai_parameter_selector,5,18,0.09170835789579918,0.176722966302531,0.07116239639824784,0.23505849626722697,-0.16115816210352085,0.5086172858087107,1.000809111159345,0.02234045040645146,273.39177173623665,0.0027339177173623668
2026-09-30,SLV,ai_parameter_selector,10,18,0.08897337123971745,0.17684553245367673,0.05147784371486922,0.2199178522474312,-0.16237063518948544,0.5068895455322724,0.9952800895110315,0.02234045040645146,546.1067669020896,0.005461067669020897
2026-09-30,SLV,ai_parameter_selector,20,18,0.0835241334773144,0.1771203397450851,0.012398912046637765,0.18601699842340974,-0.16488970569713637,0.5032729312564087,0.9844586294773607,0.02234045040645146,1089.5119097788154,0.010895119097788156
2026-09-30,XLF,buy_and_hold,5,24,0.08610652105537255,0.231462943544559,0.7034378907184798,1.0583369049600677,-0.19836717413615465,0.5260421315253594,1.1384441369880585,0.00404928894992736,50.0,0.0005000000000000002
2026-09-30,XLF,buy_and_hold,10,24,0.08559828248309997,0.2315973740449144,0.7006593431413992,1.0543036371416936,-0.19846069894900353,0.5260421315253594,1.1378986410356575,0.00404928894992736,100.0,0.0010000000000000005
2026-09-30,XLF,buy_and_hold,20,24,0.08458182130818596,0.23187095706182836,0.6950854905146223,1.0461404348466312,-0.19867414219541682,0.5260421315253594,1.1368102272846365,0.00404928894992736,200.0,0.002000000000000001
2026-09-30,XLF,momentum_60_day,5,24,0.03626104652246346,0.11513711492004519,0.22501853042829048,0.41024180539197136,-0.10251753895614647,0.5188327246470618,1.0197467992792404,0.012751990830652087,155.7188478986287,0.0015571884789862868
2026-09-30,XLF,momentum_60_day,10,24,0.034636908491305386,0.11521042893930766,0.20922150083805227,0.39727038785019836,-0.10316563445794576,0.5164637319248082,1.0152066512903022,0.012751990830652087,311.30836683932324,0.0031130836683932327
2026-09-30,XLF,momentum_60_day,20,24,0.03139262874158711,0.11538052891852228,0.17765210422947086,0.3699197576059177,-0.10453809049825939,0.5161193793077283,1.0062099800003925,0.012751990830652087,622.0996103981666,0.006220996103981666
2026-09-30,XLF,ma_crossover_20_100,5,24,0.07570019475628294,0.09893556717516022,0.7074861108006477,0.7533355229075119,-0.07284177404913664,0.5442693099385779,inf,0.00804201143666175,100.0457664553968,0.0010004576645539684
2026-09-30,XLF,ma_crossover_20_100,10,24,0.07467100062060675,0.09895657345237889,0.696465258050702,0.7430287518880275,-0.07298401710781843,0.5438164113878533,inf,0.00804201143666175,200.04999534704496,0.00200049995347045
2026-09-30,XLF,ma_crossover_20_100,20,24,0.0726138838362578,0.09901518718212925,0.6743302996763599,0.72302049164325,-0.07327798524254914,0.5430582146665418,inf,0.00804201143666175,399.9338404390951,0.003999338404390952
2026-09-30,XLF,mean_reversion_z,5,24,0.03417432349998881,0.1407009838140393,0.53056665223059,0.37236888339569996,-0.11746493910398169,0.5524474695148026,1.2973881619907777,0.047361583305710414,598.0167743397859,0.0059801677433978595
2026-09-30,XLF,mean_reversion_z,10,24,0.028034951601298968,0.14084057311164205,0.47395298843999906,0.3325837007795363,-0.11811566681426587,0.5441251602779452,1.2669245163044798,0.047361583305710414,1192.8037945853669,0.011928037945853669
2026-09-30,XLF,mean_reversion_z,20,24,0.015856105739437895,0.14119980809427016,0.3605631724230978,0.25245093878970043,-0.11953984536608632,0.5308613911804075,1.2086395702298216,0.047361583305710414,2372.7508682373705,0.023727508682373704
2026-09-30,XLF,rsi_14,5,24,0.07201613277839188,0.14234606164910923,0.7945884169039136,0.5648433553154065,-0.1156882972063673,0.5635698415778904,1.4434617096716142,0.02340783641126846,301.17610573286134,0.0030117610573286145
2026-09-30,XLF,rsi_14,10,24,0.06886398085572808,0.14242174869700464,0.766932935375657,0.5459303787033146,-0.11604102805450132,0.5554265800993542,1.4247604643225955,0.02340783641126846,601.6181449149528,0.006016181449149526
2026-09-30,XLF,rsi_14,20,24,0.06258268815941768,0.142614509718449,0.711066522330361,0.5103076151016377,-0.11675555004750442,0.5490088236705483,1.3867200432343159,0.02340783641126846,1200.3057782788853,0.012003057782788854
2026-09-30,XLF,vol_target_10pct,5,24,0.04742136922304203,0.10344463925602898,0.4903475920781335,0.7285432888432185,-0.09382268170283152,0.523497269072739,1.1050762086571222,0.02175970476087268,276.5872288893987,0.0027658722888939872
2026-09-30,XLF,vol_target_10pct,10,24,0.04451648116040322,0.10345327170249581,0.4635243456984697,0.692258225933871,-0.09457062114786896,0.5229561367709245,1.099763305288609,0.02175970476087268,552.4075866196392,0.005524075866196391
2026-10-02,XLF,vol_target_10pct,20,24,0.03831158850217706,0.10347261445008578,0.4056696201428029,0.6126997187367974,-0.09606336913150386,0.5207729132333637,1.088469859260562,0.02175119720710794,1101.8504381114697,0.011018504381114699
2026-10-02,XLF,ai_parameter_selector,5,24,0.04516175050553783,0.10034259766674945,0.30290275313556797,0.5206050064297406,-0.09081545339188145,0.4663341789671864,0.9854202865915771,0.010759762967513818,129.39803099670775,0.001293980309967078
2026-10-02,XLF,ai_parameter_selector,10,24,0.04382298248164208,0.10038464519252539,0.28946069615865455,0.5087066947031615,-0.09135716488760608,0.46524126053555825,0.981713281320932,0.010759762967513818,258.5682581113179,0.0025856825811131803
2026-10-02,XLF,ai_parameter_selector,20,24,0.04115248001448889,0.10048842790699636,0.26263214572779564,0.48320534814118443,-0.09244531652964061,0.4638151534667386,0.9743351185257388,0.010759762967513818,516.2284999280058,0.0051622849992800585
2026-10-02,XLK,buy_and_hold,5,24,0.1868231270527221,0.2096356469328907,0.9957535427746302,1.4226933207882204,-0.16959456782453863,0.5543040951540815,1.2000066553025779,0.004046880123989121,50.0,0.0005000000000000003
2026-10-02,XLK,buy_and_hold,10,24,0.18631205201546833,0.20975064630447404,0.992971157076035,1.4187138446536274,-0.16973381733578352,0.5543040951540815,1.1994373488511876,0.004046880123989121,100.0,0.0010000000000000007
2026-10-02,XLK,buy_and_hold,20,24,0.1852899145055363,0.20998508490943701,0.9873848274327744,1.4106524900991928,-0.17001246609521273,0.5543040951540815,1.1983015691789258,0.004046880123989121,200.0,0.0020000000000000013
2026-10-02,XLK,momentum_60_day,5,24,0.08122565528307261,0.11870929848334043,0.5069010986693729,0.6348246350512011,-0.10064528898511471,0.5434682464388182,1.1367532893348378,0.011587601128296604,141.58229004997114,0.0014158229004997112
2026-10-02,XLK,momentum_60_day,10,24,0.07974047582966164,0.11875609125209585,0.4942221384935779,0.6233830114283457,-0.10118271475739504,0.5427115757896743,1.1333180922009818,0.011587601128296604,283.0292961659673,0.002830292961659673
2026-10-02,XLK,momentum_60_day,20,24,0.07677483686848222,0.11886867420594881,0.46888024706657805,0.5997607944742364,-0.10225738874069012,0.5410044368298106,1.1264973320632565,0.011587601128296604,565.5177866698092,0.005655177866698092
2026-10-02,XLK,ma_crossover_20_100,5,24,0.08874365356688109,0.11452129567129742,0.6508456232599186,0.7233455433070514,-0.09750513549654727,0.5549918969448258,1.1910656732354266,0.009703618568312169,119.12452470828117,0.001191245247082812
2026-10-02,XLK,ma_crossover_20_100,10,24,0.08754308996704648,0.11459316739401403,0.63897517027614,0.7130422276903237,-0.09783984012703222,0.5549918969448258,1.1876414087299871,0.009703618568312169,238.12968611884457,0.002381296861188446
2026-10-02,XLK,ma_crossover_20_100,20,24,0.08514557127750333,0.11475462651145024,0.6152884833704195,0.6931988596676283,-0.09854126219918447,0.5533830008720287,1.18088637123319,0.009703618568312169,475.78232168978667,0.004757823216897868
2026-10-02,XLK,mean_reversion_z,5,24,0.046414255734215,0.12438271817794806,0.7252451643518301,0.53325297938377,-0.10053559871556793,0.5502335906916297,1.447670382993995,0.043784812010349276,558.8233466878302,0.005588233466878302
2026-10-02,XLK,mean_reversion_z,10,24,0.04062722866715892,0.12442848768647459,0.6661363119537405,0.48640016893116456,-0.10136975119358209,0.5436962414524172,1.4067580989959598,0.043784812010349276,1114.8654814637678,0.01114865481463768
2026-10-02,XLK,mean_reversion_z,20,24,0.029140311024898474,0.12460487155012351,0.5468814349419291,0.4013189001024982,-0.10313072932493389,0.5350988822009881,1.3294589030862378,0.043784812010349276,2218.656194395038,0.022186561943950384
2026-10-02,XLK,rsi_14,5,24,0.06469595717988476,0.12232367647832093,0.8664213033585736,0.6642760031755934,-0.09417138690229397,0.5522562692089423,1.8292549819968718,0.0208369651727856,267.0921306202169,0.0026709213062021697
2026-10-02,XLK,rsi_14,10,24,0.06195538724235109,0.12238186445857878,0.8403522428107538,0.5873274951970835,-0.0944008832468881,0.5474367244803282,1.7929114153163441,0.0208369651727856,533.6410393144408,0.0053364103931444066
2026-10-02,XLK,rsi_14,20,24,0.056490776141055854,0.12253758493861626,0.7875303087485355,0.5454534925170923,-0.09489638309212746,0.5439593837473115,1.7154464511153291,0.0208369651727856,1065.1123455272389,0.010651123455272393
2026-10-02,XLK,vol_target_10pct,5,24,0.09003265371633114,0.10111493165365247,0.8894655138064773,1.1660009570245187,-0.07956750750582299,0.5529850223203135,1.1855294425481215,0.020553492456831055,268.1136538467878,0.0026811365384678786
2026-10-05,XLK,vol_target_10pct,10,24,0.08753005344579416,0.10111421061051089,0.8664039444501389,1.1353636455007474,-0.08012709549592203,0.5525422135493464,1.1808111856453942,0.020551029258104706,535.5767547054694,0.005355767547054694
2026-10-05,XLK,vol_target_10pct,20,24,0.08187719830176338,0.1011260267074932,0.8146044509668907,1.06464374008628,-0.0813042916579081,0.5504125482374916,1.1700899966726566,0.020551029258104706,1068.3886239947403,0.010683886239947406
2026-10-05,XLK,ai_parameter_selector,5,24,0.08776279680895287,0.12258587442049933,0.629496579972061,0.7303499966371837,-0.11117138536699112,0.5538010324604152,1.1703731458065176,0.01291036568912019,156.68137163450686,0.0015668137163450686
2026-10-05,XLK,ai_parameter_selector,10,24,0.08614478482287335,0.12266926169414089,0.6159321196990625,0.7176755640323161,-0.11180132768707374,0.5532218277145439,1.1666670940079598,0.01291036568912019,313.14161067337255,0.003131416106733726
2026-10-05,XLK,ai_parameter_selector,20,24,0.08291598366539055,0.12285619478347921,0.5888032964308453,0.6912819357982308,-0.1130603950694637,0.5514892756395259,1.1592806260532809,0.01291036568912019,625.3996639209932,0.006253996639209934
2026-10-05,XLE,buy_and_hold,5,24,0.12795498355827084,0.2609507422542689,0.6206254343675396,0.9523298147002907,-0.21860336886702772,0.5299155646868553,1.11429441864825,0.0040456949303758925,50.0,0.0005000000000000002
2026-10-05,XLE,buy_and_hold,10,24,0.1274441530136958,0.26108933412053276,0.6184775720055553,0.9492302481377483,-0.21872476082667855,0.5299155646868553,1.113895588376927,0.0040456949303758925,100.0,0.0010000000000000005
2026-10-05,XLE,buy_and_hold,20,24,0.12642250414937475,0.2613703807317999,0.6141774886947012,0.9430630583603349,-0.2189677528590244,0.5297495620308127,1.113087720621031,0.0040456949303758925,200.0,0.002000000000000001
2026-10-05,XLE,momentum_60_day,5,24,0.008873002845240932,0.14433248504292837,0.04439823053967636,0.1906620416600325,-0.14326505147626556,0.5137873530883219,1.0238742553768667,0.014407715043535258,169.93938067462827,0.0016993938067462828
2026-10-05,XLE,momentum_60_day,10,24,0.007117340181978057,0.14440177848715233,0.030655028116125114,0.17801565289192792,-0.14405162628271242,0.5128547919810282,1.02041856268093,0.014407715043535258,339.68138959332333,0.0033968138959332337
2026-10-05,XLE,momentum_60_day,20,24,0.003612533642937755,0.1445610382634587,0.0032692165654136986,0.15240822176154484,-0.14563269970620413,0.5109057896895602,1.0134884371525137,0.014407715043535258,678.5737692805361,0.006785737692805361
2026-10-05,XLE,ma_crossover_20_100,5,24,0.013611445154268736,0.13147839593048868,0.19906708386026448,0.322912772775995,-0.12714674706796444,0.5077589641232217,1.0933288375320587,0.009976367616478283,118.39438864319936,0.0011839438864319936
2026-10-05,XLE,ma_crossover_20_100,10,24,0.012419884025137823,0.1315614613428708,0.18917085396324584,0.3140291257556344,-0.12749341667610026,0.5072381307898884,1.090399133073642,0.009976367616478283,236.70061893145785,0.002367006189314579
2026-10-05,XLE,ma_crossover_20_100,20,24,0.010039608935317293,0.13174254464271715,0.16942887355385938,0.29598537481112647,-0.12818673557728658,0.5055217337609913,1.0846053304487147,0.009976367616478283,473.0487398835985,0.0047304873988359844
2026-10-05,XLE,mean_reversion_z,5,24,0.025341360182680368,0.14774850661105524,0.4794207470604957,0.3361080063362339,-0.12904972163392528,0.5267873092888172,1.2513800128347743,0.0466762303873998,590.7019425479754,0.0059070194254797525
2026-10-05,XLE,mean_reversion_z,10,24,0.01932807106718376,0.1478444516260901,0.4275889713644628,0.2974867895922488,-0.12987257699285834,0.5248115659398346,1.226507667907205,0.0466762303873998,1178.2517905489265,0.011782517905489264
2026-10-05,XLE,mean_reversion_z,20,24,0.007397446284223383,0.148110377454724,0.3235448493175704,0.2188296042257438,-0.13155904299188778,0.5142501726609435,1.1785549864052973,0.0466762303873998,2343.956698037492,0.02343956698037492
2026-10-05,XLE,rsi_14,5,24,0.05306738973921867,0.15047054643508287,0.7955656096833051,0.5329533101100176,-0.13089546815686112,0.5611713006680291,1.705775398720541,0.025496931160625003,327.1782416431696,0.003271782416431696
2026-10-05,XLE,rsi_14,10,24,0.04968555314536243,0.15055004291102791,0.7675867656437801,0.5144810708291154,-0.13131496229099596,0.5596648338837845,1.6815860429748846,0.025496931160625003,653.5118898044723,0.006535118898044722
2026-10-05,XLE,rsi_14,20,24,0.0429480139340257,0.15075114583490265,0.7109760656854517,0.47193176619033766,-0.1322064319854089,0.5531974513071426,1.6352374976631439,0.025496931160625003,1303.6521680977241,0.01303652168097724
2026-10-07,XLE,vol_target_10pct,5,24,0.04782544621873016,0.1026716169303194,0.49093474363576756,0.7462120432477857,-0.09749023034338518,0.5292246876318314,1.0995053590569293,0.018505872521667344,239.46227337339826,0.0023946227337339828
2026-10-07,XLE,vol_target_10pct,10,24,0.04534787550868787,0.10267402069377667,0.4679124678126094,0.7134554445545138,-0.09816202853500706,0.5279573422312033,1.0951131353822376,0.018505872521667344,478.3592219476152,0.004783592219476151
2026-10-07,XLE,vol_target_10pct,20,24,0.040410267540138836,0.10268210588608308,0.42185182803797705,0.6476086234343056,-0.09951541940920565,0.5261520219476222,1.0863791791695951,0.018505872521667344,954.4635199185859,0.009544635199185856
2026-10-07,XLE,ai_parameter_selector,5,24,0.06487309162698951,0.14361454166751544,0.2328812845513413,0.44174080054327813,-0.13020873020959603,0.5030657967997607,1.0476483425760315,0.01845219474722957,233.887984707569,0.0023388798470756903
2026-10-07,XLE,ai_parameter_selector,10,24,0.06244260646110824,0.14371265669566913,0.21464003934471673,0.42555654751167804,-0.1311241435355782,0.500101382542243,1.0427138868141197,0.01845219474722957,467.1136557681829,0.004671136557681829
2026-10-07,XLE,ai_parameter_selector,20,24,0.05760222048514781,0.14393562063373827,0.17838632305420546,0.39214219421058644,-0.13295146823986806,0.4982110237613177,1.0330321407544598,0.01845219474722957,931.5866841938856,0.009315866841938856
2026-10-07,XLV,buy_and_hold,5,24,0.09991349067830908,0.1555267330613627,0.7822208447046582,1.1738402170166016,-0.12998467582094322,0.5303700846265794,1.1490637309285834,0.004043361970316169,50.0,0.0005000000000000003
2026-10-07,XLV,buy_and_hold,10,24,0.09940520172718385,0.15561072826333197,0.7786594238086636,1.168369563621212,-0.13004488388770277,0.5302013936684147,1.1483692445612423,0.004043361970316169,100.0,0.0010000000000000007
2026-10-07,XLV,buy_and_hold,20,24,0.0983886372225795,0.1557843089364171,0.7715088888159264,1.1576058335405228,-0.13016546801261666,0.5298653666995405,1.1469723657455988,0.004043361970316169,200.0,0.0020000000000000013
2026-10-07,XLV,momentum_60_day,5,24,0.03951516186407817,0.08588167311552995,0.36067062645537257,0.5322346150754325,-0.07558357889121681,0.525949899969648,1.0855140931252019,0.010692801504205854,130.3659528747584,0.0013036595287475841
2026-10-07,XLV,momentum_60_day,10,24,0.038192917119144514,0.08592758360570572,0.34271448701260954,0.5174874263935276,-0.07609215544410114,0.5243226153859107,1.0804942203263312,0.010692801504205854,260.6047986958792,0.0026060479869587914
2026-10-07,XLV,momentum_60_day,20,24,0.03555230409817002,0.086045740024284,0.3069923353373311,0.4881751649128136,-0.07715731911855649,0.5235387432785091,1.070543770598745,0.010692801504205854,520.7015912164588,0.00520701591216459
2026-10-07,XLV,ma_crossover_20_100,5,24,0.0503392751916038,0.08574465164423363,0.5411218850802818,0.6142892371594364,-0.07631665137815481,0.5318047408552792,1.1591821139848062,0.010031447049518706,123.56643111823375,0.0012356643111823375
2026-10-07,XLV,ma_crossover_20_100,10,24,0.04907384391273443,0.08580080358387514,0.5250942483166271,0.5999271020099921,-0.07676905888655677,0.5298027103650917,1.1542172810648215,0.010031447049518706,247.00608116764468,0.0024700608116764475
2026-10-07,XLV,ma_crossover_20_100,20,24,0.04654691600311833,0.08593700637418694,0.49303740543360425,0.5713922079538544,-0.0776876298970808,0.5290924487470251,1.1444159200748776,0.010031447049518706,493.5057681694993,0.004935057681694994
2026-10-07,XLV,mean_reversion_z,5,24,0.03377134408024275,0.093953099861589,0.5015255288980908,0.3538294992900166,-0.0857880925648416,0.540567105698267,1.2604527060142237,0.04498180141308326,565.4275627723808,0.005654275627723808
2026-10-07,XLV,mean_reversion_z,10,24,0.027933314900791317,0.09399885211003987,0.4297169356652258,0.3005505799927665,-0.08659475437232385,0.5359727454091472,1.2257338037543504,0.04498180141308326,1128.076107446397,0.011280761074463965
2026-10-07,XLV,mean_reversion_z,20,24,0.016343618239628627,0.09419283191564028,0.28576607502710766,0.19061259060310207,-0.08837528221627182,0.5207963124535618,1.1595724492584427,0.04498180141308326,2245.083384328115,0.022450833843281153
2026-10-07,XLV,rsi_14,5,24,0.051780028762331926,0.0925635163425682,0.657841743874607,0.49320084429602257,-0.08058823077628215,0.5577120136284098,1.3441938010611052,0.023256830308115334,295.49510588059667,0.0029549510588059674
2026-10-07,XLV,rsi_14,10,24,0.04872167885464292,0.09261844337316481,0.6198179311393235,0.46503376098239363,-0.08090016075472062,0.5522704090250076,1.323809936016988,0.023256830308115334,590.328111688894,0.00590328111688894
